<?xml version="1.0" encoding="UTF-8" standalone="no"?>
<?fileVersion 4.0.0?><cproject storage_type_id="org.eclipse.cdt.core.XmlProjectDescriptionStorage">
	<storageModule moduleId="org.eclipse.cdt.core.settings">
		<cconfiguration id="cdt.managedbuild.config.gnu.exe.debug.575176327">
			<storageModule buildSystemId="org.eclipse.cdt.managedbuilder.core.configurationDataProvider" id="cdt.managedbuild.config.gnu.exe.debug.575176327" moduleId="org.eclipse.cdt.core.settings" name="Debug">
				<externalSettings/>
				<extensions>
					<extension id="org.eclipse.cdt.core.GNU_ELF" point="org.eclipse.cdt.core.BinaryParser"/>
					<extension id="org.eclipse.cdt.core.GASErrorParser" point="org.eclipse.cdt.core.ErrorParser"/>
					<extension id="org.eclipse.cdt.core.GmakeErrorParser" point="org.eclipse.cdt.core.ErrorParser"/>
					<extension id="org.eclipse.cdt.core.GLDErrorParser" point="org.eclipse.cdt.core.ErrorParser"/>
					<extension id="org.eclipse.cdt.core.CWDLocator" point="org.eclipse.cdt.core.ErrorParser"/>
					<extension id="org.eclipse.cdt.core.GCCErrorParser" point="org.eclipse.cdt.core.ErrorParser"/>
				</extensions>
			</storageModule>
			<storageModule moduleId="cdtBuildSystem" version="4.0.0">
				<configuration artifactName="${ProjName}" buildArtefactType="org.eclipse.cdt.build.core.buildArtefactType.exe" buildProperties="org.eclipse.cdt.build.core.buildArtefactType=org.eclipse.cdt.build.core.buildArtefactType.exe,org.eclipse.cdt.build.core.buildType=org.eclipse.cdt.build.core.buildType.debug" cleanCommand="rm -rf" description="" id="cdt.managedbuild.config.gnu.exe.debug.575176327" name="Debug" parent="cdt.managedbuild.config.gnu.exe.debug">
					<folderInfo id="cdt.managedbuild.config.gnu.exe.debug.575176327." name="/" resourcePath="">
						<toolChain id="cdt.managedbuild.toolchain.gnu.exe.debug.981607105" name="Linux GCC" superClass="cdt.managedbuild.toolchain.gnu.exe.debug">
							<targetPlatform id="cdt.managedbuild.target.gnu.platform.exe.debug.1917727072" name="Debug Platform" superClass="cdt.managedbuild.target.gnu.platform.exe.debug"/>
							<builder buildPath="${workspace_loc:/prog01_MultiMatrixVector}/Debug" id="cdt.managedbuild.target.gnu.builder.exe.debug.1869460595" keepEnvironmentInBuildfile="false" managedBuildOn="true" name="Gnu Make Builder" superClass="cdt.managedbuild.target.gnu.builder.exe.debug"/>
							<tool id="cdt.managedbuild.tool.gnu.archiver.base.2072148945" name="GCC Archiver" superClass="cdt.managedbuild.tool.gnu.archiver.base"/>
							<tool id="cdt.managedbuild.tool.gnu.cpp.compiler.exe.debug.639889715" name="GCC C++ Compiler" superClass="cdt.managedbuild.tool.gnu.cpp.compiler.exe.debug">
								<option id="gnu.cpp.compiler.exe.debug.option.optimization.level.2023040602" name="Optimization Level" superClass="gnu.cpp.compiler.exe.debug.option.optimization.level" useByScannerDiscovery="false" value="gnu.cpp.compiler.optimization.level.none" valueType="enumerated"/>
								<option id="gnu.cpp.compiler.exe.debug.option.debugging.level.570427824" name="Debug Level" superClass="gnu.cpp.compiler.exe.debug.option.debugging.level" useByScannerDiscovery="false" value="gnu.cpp.compiler.debugging.level.max" valueType="enumerated"/>
								<inputType id="cdt.managedbuild.tool.gnu.cpp.compiler.input.919334135" superClass="cdt.managedbuild.tool.gnu.cpp.compiler.input"/>
							</tool>
							<tool command="mpicc" id="cdt.managedbuild.tool.gnu.c.compiler.exe.debug.413796256" name="GCC C Compiler" superClass="cdt.managedbuild.tool.gnu.c.compiler.exe.debug">
								<option defaultValue="gnu.c.optimization.level.none" id="gnu.c.compiler.exe.debug.option.optimization.level.1705308505" name="Optimization Level" superClass="gnu.c.compiler.exe.debug.option.optimization.level" useByScannerDiscovery="false" valueType="enumerated"/>
								<option id="gnu.c.compiler.exe.debug.option.debugging.level.2038343569" name="Debug Level" superClass="gnu.c.compiler.exe.debug.option.debugging.level" useByScannerDiscovery="false" value="gnu.c.debugging.level.max" valueType="enumerated"/>
								<inputType id="cdt.managedbuild.tool.gnu.c.compiler.input.922866448" superClass="cdt.managedbuild.tool.gnu.c.compiler.input"/>
							</tool>
							<tool id="cdt.managedbuild.tool.gnu.c.linker.exe.debug.687334782" name="GCC C Linker" superClass="cdt.managedbuild.tool.gnu.c.linker.exe.debug"/>
							<tool command="mpicc" id="cdt.managedbuild.tool.gnu.cpp.linker.exe.debug.1806798152" name="GCC C++ Linker" superClass="cdt.managedbuild.tool.gnu.cpp.linker.exe.debug">
								<inputType id="cdt.managedbuild.tool.gnu.cpp.linker.input.628919976" superClass="cdt.managedbuild.tool.gnu.cpp.linker.input">
									<additionalInput kind="additionalinputdependency" paths="$(USER_OBJS)"/>
									<additionalInput kind="additionalinput" paths="$(LIBS)"/>
								</inputType>
							</tool>
							<tool id="cdt.managedbuild.tool.gnu.assembler.exe.debug.943174877" name="GCC Assembler" superClass="cdt.managedbuild.tool.gnu.assembler.exe.debug">
								<inputType id="cdt.managedbuild.tool.gnu.assembler.input.1937346362" superClass="cdt.managedbuild.tool.gnu.assembler.input"/>
							</tool>
						</toolChain>
					</folderInfo>
					<sourceEntries>
						<entry flags="VALUE_WORKSPACE_PATH|RESOLVED" kind="sourcePath" name="src"/>
					</sourceEntries>
				</configuration>
			</storageModule>
			<storageModule moduleId="org.eclipse.cdt.core.externalSettings"/>
		</cconfiguration>
		<cconfiguration id="cdt.managedbuild.config.gnu.exe.release.2037342980">
			<storageModule buildSystemId="org.eclipse.cdt.managedbuilder.core.configurationDataProvider" id="cdt.managedbuild.config.gnu.exe.release.2037342980" moduleId="org.eclipse.cdt.core.settings" name="Release">
				<externalSettings/>
				<extensions>
					<extension id="org.eclipse.cdt.core.GNU_ELF" point="org.eclipse.cdt.core.BinaryParser"/>
					<extension id="org.eclipse.cdt.core.GASErrorParser" point="org.eclipse.cdt.core.ErrorParser"/>
					<extension id="org.eclipse.cdt.core.GmakeErrorParser" point="org.eclipse.cdt.core.ErrorParser"/>
					<extension id="org.eclipse.cdt.core.GLDErrorParser" point="org.eclipse.cdt.core.ErrorParser"/>
					<extension id="org.eclipse.cdt.core.CWDLocator" point="org.eclipse.cdt.core.ErrorParser"/>
					<extension id="org.eclipse.cdt.core.GCCErrorParser" point="org.eclipse.cdt.core.ErrorParser"/>
				</extensions>
			</storageModule>
			<storageModule moduleId="cdtBuildSystem" version="4.0.0">
				<configuration artifactName="${ProjName}" buildArtefactType="org.eclipse.cdt.build.core.buildArtefactType.exe" buildProperties="org.eclipse.cdt.build.core.buildArtefactType=org.eclipse.cdt.build.core.buildArtefactType.exe,org.eclipse.cdt.build.core.buildType=org.eclipse.cdt.build.core.buildType.release" cleanCommand="rm -rf" description="" id="cdt.managedbuild.config.gnu.exe.release.2037342980" name="Release" parent="cdt.managedbuild.config.gnu.exe.release">
					<folderInfo id="cdt.managedbuild.config.gnu.exe.release.2037342980." name="/" resourcePath="">
						<toolChain id="cdt.managedbuild.toolchain.gnu.exe.release.1566618342" name="Linux GCC" superClass="cdt.managedbuild.toolchain.gnu.exe.release">
							<targetPlatform id="cdt.managedbuild.target.gnu.platform.exe.release.255723770" name="Debug Platform" superClass="cdt.managedbuild.target.gnu.platform.exe.release"/>
							<builder buildPath="${workspace_loc:/prog01_MultiMatrixVector}/Release" id="cdt.managedbuild.target.gnu.builder.exe.release.922849414" keepEnvironmentInBuildfile="false" managedBuildOn="true" name="Gnu Make Builder" superClass="cdt.managedbuild.target.gnu.builder.exe.release"/>
							<tool id="cdt.managedbuild.tool.gnu.archiver.base.1618134623" name="GCC Archiver" superClass="cdt.managedbuild.tool.gnu.archiver.base"/>
							<tool id="cdt.managedbuild.tool.gnu.cpp.compiler.exe.release.1130432025" name="GCC C++ Compiler" superClass="cdt.managedbuild.tool.gnu.cpp.compiler.exe.release">
								<option id="gnu.cpp.compiler.exe.release.option.optimization.level.1578779881" name="Optimization Level" superClass="gnu.cpp.compiler.exe.release.option.optimization.level" useByScannerDiscovery="false" value="gnu.cpp.compiler.optimization.level.most" valueType="enumerated"/>
								<option id="gnu.cpp.compiler.exe.release.option.debugging.level.166880912" name="Debug Level" superClass="gnu.cpp.compiler.exe.release.option.debugging.level" useByScannerDiscovery="false" value="gnu.cpp.compiler.debugging.level.none" valueType="enumerated"/>
								<inputType id="cdt.managedbuild.tool.gnu.cpp.compiler.input.332367004" superClass="cdt.managedbuild.tool.gnu.cpp.compiler.input"/>
							</tool>
							<tool command="mpicc" id="cdt.managedbuild.tool.gnu.c.compiler.exe.release.1580638531" name="GCC C Compiler" superClass="cdt.managedbuild.tool.gnu.c.compiler.exe.release">
								<option defaultValue="gnu.c.optimization.level.most" id="gnu.c.compiler.exe.release.option.optimization.level.309752637" name="Optimization Level" superClass="gnu.c.compiler.exe.release.option.optimization.level" useByScannerDiscovery="false" valueType="enumerated"/>
								<option id="gnu.c.compiler.exe.release.option.debugging.level.336597158" name="Debug Level" superClass="gnu.c.compiler.exe.release.option.debugging.level" useByScannerDiscovery="false" value="gnu.c.debugging.level.none" valueType="enumerated"/>
								<inputType id="cdt.managedbuild.tool.gnu.c.compiler.input.1999745065" superClass="cdt.managedbuild.tool.gnu.c.compiler.input"/>
							</tool>
							<tool id="cdt.managedbuild.tool.gnu.c.linker.exe.release.144695544" name="GCC C Linker" superClass="cdt.managedbuild.tool.gnu.c.linker.exe.release"/>
							<tool command="mpicc" id="cdt.managedbuild.tool.gnu.cpp.linker.exe.release.1166729609" name="GCC C++ Linker" superClass="cdt.managedbuild.tool.gnu.cpp.linker.exe.release">
								<inputType id="cdt.managedbuild.tool.gnu.cpp.linker.input.959172521" superClass="cdt.managedbuild.tool.gnu.cpp.linker.input">
									<additionalInput kind="additionalinputdependency" paths="$(USER_OBJS)"/>
									<additionalInput kind="additionalinput" paths="$(LIBS)"/>
								</inputType>
							</tool>
							<tool id="cdt.managedbuild.tool.gnu.assembler.exe.release.620982397" name="GCC Assembler" superClass="cdt.managedbuild.tool.gnu.assembler.exe.release">
								<inputType id="cdt.managedbuild.tool.gnu.assembler.input.1772760004" superClass="cdt.managedbuild.tool.gnu.assembler.input"/>
							</tool>
						</toolChain>
					</folderInfo>
					<sourceEntries>
						<entry flags="VALUE_WORKSPACE_PATH|RESOLVED" kind="sourcePath" name="src"/>
					</sourceEntries>
				</configuration>
			</storageModule>
			<storageModule moduleId="org.eclipse.cdt.core.externalSettings"/>
		</cconfiguration>
	</storageModule>
	<storageModule moduleId="cdtBuildSystem" version="4.0.0">
		<project id="prog01_MultiMatrixVector.cdt.managedbuild.target.gnu.exe.27595471" name="Executable" projectType="cdt.managedbuild.target.gnu.exe"/>
	</storageModule>
	<storageModule moduleId="scannerConfiguration">
		<autodiscovery enabled="true" problemReportingEnabled="true" selectedProfileId=""/>
		<scannerConfigBuildInfo instanceId="cdt.managedbuild.config.gnu.exe.release.2037342980;cdt.managedbuild.config.gnu.exe.release.2037342980.;cdt.managedbuild.tool.gnu.c.compiler.exe.release.1580638531;cdt.managedbuild.tool.gnu.c.compiler.input.1999745065">
			<autodiscovery enabled="true" problemReportingEnabled="true" selectedProfileId=""/>
		</scannerConfigBuildInfo>
		<scannerConfigBuildInfo instanceId="cdt.managedbuild.config.gnu.exe.release.2037342980;cdt.managedbuild.config.gnu.exe.release.2037342980.;cdt.managedbuild.tool.gnu.cpp.compiler.exe.release.1130432025;cdt.managedbuild.tool.gnu.cpp.compiler.input.332367004">
			<autodiscovery enabled="true" problemReportingEnabled="true" selectedProfileId=""/>
		</scannerConfigBuildInfo>
		<scannerConfigBuildInfo instanceId="cdt.managedbuild.config.gnu.exe.debug.575176327;cdt.managedbuild.config.gnu.exe.debug.575176327.;cdt.managedbuild.tool.gnu.cpp.compiler.exe.debug.639889715;cdt.managedbuild.tool.gnu.cpp.compiler.input.919334135">
			<autodiscovery enabled="true" problemReportingEnabled="true" selectedProfileId=""/>
		</scannerConfigBuildInfo>
		<scannerConfigBuildInfo instanceId="cdt.managedbuild.config.gnu.exe.debug.575176327;cdt.managedbuild.config.gnu.exe.debug.575176327.;cdt.managedbuild.tool.gnu.c.compiler.exe.debug.413796256;cdt.managedbuild.tool.gnu.c.compiler.input.922866448">
			<autodiscovery enabled="true" problemReportingEnabled="true" selectedProfileId=""/>
		</scannerConfigBuildInfo>
	</storageModule>
	<storageModule moduleId="org.eclipse.cdt.core.LanguageSettingsProviders"/>
	<storageModule moduleId="refreshScope"/>
	<storageModule moduleId="org.eclipse.cdt.make.core.buildtargets"/>
</cproject>
