<?xml version="1.0" encoding="UTF-8" standalone="no"?>
<?fileVersion 4.0.0?><cproject storage_type_id="org.eclipse.cdt.core.XmlProjectDescriptionStorage">
	<storageModule moduleId="org.eclipse.cdt.core.settings">
		<cconfiguration id="cdt.managedbuild.config.gnu.exe.debug.1337673650">
			<storageModule buildSystemId="org.eclipse.cdt.managedbuilder.core.configurationDataProvider" id="cdt.managedbuild.config.gnu.exe.debug.1337673650" moduleId="org.eclipse.cdt.core.settings" name="Debug">
				<externalSettings/>
				<extensions>
					<extension id="org.eclipse.cdt.core.GNU_ELF" point="org.eclipse.cdt.core.BinaryParser"/>
					<extension id="org.eclipse.cdt.core.GASErrorParser" point="org.eclipse.cdt.core.ErrorParser"/>
					<extension id="org.eclipse.cdt.core.GmakeErrorParser" point="org.eclipse.cdt.core.ErrorParser"/>
					<extension id="org.eclipse.cdt.core.GLDErrorParser" point="org.eclipse.cdt.core.ErrorParser"/>
					<extension id="org.eclipse.cdt.core.CWDLocator" point="org.eclipse.cdt.core.ErrorParser"/>
					<extension id="org.eclipse.cdt.core.GCCErrorParser" point="org.eclipse.cdt.core.ErrorParser"/>
				</extensions>
			</storageModule>
			<storageModule moduleId="cdtBuildSystem" version="4.0.0">
				<configuration artifactName="${ProjName}" buildArtefactType="org.eclipse.cdt.build.core.buildArtefactType.exe" buildProperties="org.eclipse.cdt.build.core.buildArtefactType=org.eclipse.cdt.build.core.buildArtefactType.exe,org.eclipse.cdt.build.core.buildType=org.eclipse.cdt.build.core.buildType.debug" cleanCommand="rm -rf" description="" id="cdt.managedbuild.config.gnu.exe.debug.1337673650" name="Debug" parent="cdt.managedbuild.config.gnu.exe.debug">
					<folderInfo id="cdt.managedbuild.config.gnu.exe.debug.1337673650." name="/" resourcePath="">
						<toolChain id="cdt.managedbuild.toolchain.gnu.exe.debug.1713687447" name="Linux GCC" superClass="cdt.managedbuild.toolchain.gnu.exe.debug">
							<targetPlatform id="cdt.managedbuild.target.gnu.platform.exe.debug.1838523128" name="Debug Platform" superClass="cdt.managedbuild.target.gnu.platform.exe.debug"/>
							<builder buildPath="${workspace_loc:/prog01_threads}/Debug" id="cdt.managedbuild.target.gnu.builder.exe.debug.1089066632" keepEnvironmentInBuildfile="false" managedBuildOn="true" name="Gnu Make Builder" superClass="cdt.managedbuild.target.gnu.builder.exe.debug"/>
							<tool id="cdt.managedbuild.tool.gnu.archiver.base.1052080116" name="GCC Archiver" superClass="cdt.managedbuild.tool.gnu.archiver.base"/>
							<tool id="cdt.managedbuild.tool.gnu.cpp.compiler.exe.debug.1216340012" name="GCC C++ Compiler" superClass="cdt.managedbuild.tool.gnu.cpp.compiler.exe.debug">
								<option id="gnu.cpp.compiler.exe.debug.option.optimization.level.1849504334" name="Optimization Level" superClass="gnu.cpp.compiler.exe.debug.option.optimization.level" useByScannerDiscovery="false" value="gnu.cpp.compiler.optimization.level.none" valueType="enumerated"/>
								<option id="gnu.cpp.compiler.exe.debug.option.debugging.level.1936449377" name="Debug Level" superClass="gnu.cpp.compiler.exe.debug.option.debugging.level" useByScannerDiscovery="false" value="gnu.cpp.compiler.debugging.level.max" valueType="enumerated"/>
								<inputType id="cdt.managedbuild.tool.gnu.cpp.compiler.input.1739004001" superClass="cdt.managedbuild.tool.gnu.cpp.compiler.input"/>
							</tool>
							<tool command="mpicc" id="cdt.managedbuild.tool.gnu.c.compiler.exe.debug.402937503" name="GCC C Compiler" superClass="cdt.managedbuild.tool.gnu.c.compiler.exe.debug">
								<option defaultValue="gnu.c.optimization.level.none" id="gnu.c.compiler.exe.debug.option.optimization.level.375588025" name="Optimization Level" superClass="gnu.c.compiler.exe.debug.option.optimization.level" useByScannerDiscovery="false" valueType="enumerated"/>
								<option id="gnu.c.compiler.exe.debug.option.debugging.level.1176722278" name="Debug Level" superClass="gnu.c.compiler.exe.debug.option.debugging.level" useByScannerDiscovery="false" value="gnu.c.debugging.level.max" valueType="enumerated"/>
								<inputType id="cdt.managedbuild.tool.gnu.c.compiler.input.246281603" superClass="cdt.managedbuild.tool.gnu.c.compiler.input"/>
							</tool>
							<tool id="cdt.managedbuild.tool.gnu.c.linker.exe.debug.2036101250" name="GCC C Linker" superClass="cdt.managedbuild.tool.gnu.c.linker.exe.debug"/>
							<tool command="mpicc" id="cdt.managedbuild.tool.gnu.cpp.linker.exe.debug.794215608" name="GCC C++ Linker" superClass="cdt.managedbuild.tool.gnu.cpp.linker.exe.debug">
								<inputType id="cdt.managedbuild.tool.gnu.cpp.linker.input.1132471420" superClass="cdt.managedbuild.tool.gnu.cpp.linker.input">
									<additionalInput kind="additionalinputdependency" paths="$(USER_OBJS)"/>
									<additionalInput kind="additionalinput" paths="$(LIBS)"/>
								</inputType>
							</tool>
							<tool id="cdt.managedbuild.tool.gnu.assembler.exe.debug.965002799" name="GCC Assembler" superClass="cdt.managedbuild.tool.gnu.assembler.exe.debug">
								<inputType id="cdt.managedbuild.tool.gnu.assembler.input.2064054512" superClass="cdt.managedbuild.tool.gnu.assembler.input"/>
							</tool>
						</toolChain>
					</folderInfo>
					<sourceEntries>
						<entry flags="VALUE_WORKSPACE_PATH|RESOLVED" kind="sourcePath" name="src"/>
					</sourceEntries>
				</configuration>
			</storageModule>
			<storageModule moduleId="org.eclipse.cdt.core.externalSettings"/>
		</cconfiguration>
		<cconfiguration id="cdt.managedbuild.config.gnu.exe.release.1117323343">
			<storageModule buildSystemId="org.eclipse.cdt.managedbuilder.core.configurationDataProvider" id="cdt.managedbuild.config.gnu.exe.release.1117323343" moduleId="org.eclipse.cdt.core.settings" name="Release">
				<externalSettings/>
				<extensions>
					<extension id="org.eclipse.cdt.core.GNU_ELF" point="org.eclipse.cdt.core.BinaryParser"/>
					<extension id="org.eclipse.cdt.core.GASErrorParser" point="org.eclipse.cdt.core.ErrorParser"/>
					<extension id="org.eclipse.cdt.core.GmakeErrorParser" point="org.eclipse.cdt.core.ErrorParser"/>
					<extension id="org.eclipse.cdt.core.GLDErrorParser" point="org.eclipse.cdt.core.ErrorParser"/>
					<extension id="org.eclipse.cdt.core.CWDLocator" point="org.eclipse.cdt.core.ErrorParser"/>
					<extension id="org.eclipse.cdt.core.GCCErrorParser" point="org.eclipse.cdt.core.ErrorParser"/>
				</extensions>
			</storageModule>
			<storageModule moduleId="cdtBuildSystem" version="4.0.0">
				<configuration artifactName="${ProjName}" buildArtefactType="org.eclipse.cdt.build.core.buildArtefactType.exe" buildProperties="org.eclipse.cdt.build.core.buildArtefactType=org.eclipse.cdt.build.core.buildArtefactType.exe,org.eclipse.cdt.build.core.buildType=org.eclipse.cdt.build.core.buildType.release" cleanCommand="rm -rf" description="" id="cdt.managedbuild.config.gnu.exe.release.1117323343" name="Release" parent="cdt.managedbuild.config.gnu.exe.release">
					<folderInfo id="cdt.managedbuild.config.gnu.exe.release.1117323343." name="/" resourcePath="">
						<toolChain id="cdt.managedbuild.toolchain.gnu.exe.release.699256895" name="Linux GCC" superClass="cdt.managedbuild.toolchain.gnu.exe.release">
							<targetPlatform id="cdt.managedbuild.target.gnu.platform.exe.release.698699485" name="Debug Platform" superClass="cdt.managedbuild.target.gnu.platform.exe.release"/>
							<builder buildPath="${workspace_loc:/prog01_threads}/Release" id="cdt.managedbuild.target.gnu.builder.exe.release.287532610" keepEnvironmentInBuildfile="false" managedBuildOn="true" name="Gnu Make Builder" superClass="cdt.managedbuild.target.gnu.builder.exe.release"/>
							<tool id="cdt.managedbuild.tool.gnu.archiver.base.1053435912" name="GCC Archiver" superClass="cdt.managedbuild.tool.gnu.archiver.base"/>
							<tool id="cdt.managedbuild.tool.gnu.cpp.compiler.exe.release.819123415" name="GCC C++ Compiler" superClass="cdt.managedbuild.tool.gnu.cpp.compiler.exe.release">
								<option id="gnu.cpp.compiler.exe.release.option.optimization.level.437791798" name="Optimization Level" superClass="gnu.cpp.compiler.exe.release.option.optimization.level" useByScannerDiscovery="false" value="gnu.cpp.compiler.optimization.level.most" valueType="enumerated"/>
								<option id="gnu.cpp.compiler.exe.release.option.debugging.level.1540108654" name="Debug Level" superClass="gnu.cpp.compiler.exe.release.option.debugging.level" useByScannerDiscovery="false" value="gnu.cpp.compiler.debugging.level.none" valueType="enumerated"/>
								<inputType id="cdt.managedbuild.tool.gnu.cpp.compiler.input.642489554" superClass="cdt.managedbuild.tool.gnu.cpp.compiler.input"/>
							</tool>
							<tool command="mpicc" id="cdt.managedbuild.tool.gnu.c.compiler.exe.release.1345681226" name="GCC C Compiler" superClass="cdt.managedbuild.tool.gnu.c.compiler.exe.release">
								<option defaultValue="gnu.c.optimization.level.most" id="gnu.c.compiler.exe.release.option.optimization.level.1461761633" name="Optimization Level" superClass="gnu.c.compiler.exe.release.option.optimization.level" useByScannerDiscovery="false" valueType="enumerated"/>
								<option id="gnu.c.compiler.exe.release.option.debugging.level.1319361164" name="Debug Level" superClass="gnu.c.compiler.exe.release.option.debugging.level" useByScannerDiscovery="false" value="gnu.c.debugging.level.none" valueType="enumerated"/>
								<inputType id="cdt.managedbuild.tool.gnu.c.compiler.input.406460186" superClass="cdt.managedbuild.tool.gnu.c.compiler.input"/>
							</tool>
							<tool id="cdt.managedbuild.tool.gnu.c.linker.exe.release.1043290215" name="GCC C Linker" superClass="cdt.managedbuild.tool.gnu.c.linker.exe.release"/>
							<tool command="mpicc" id="cdt.managedbuild.tool.gnu.cpp.linker.exe.release.578785838" name="GCC C++ Linker" superClass="cdt.managedbuild.tool.gnu.cpp.linker.exe.release">
								<inputType id="cdt.managedbuild.tool.gnu.cpp.linker.input.138472223" superClass="cdt.managedbuild.tool.gnu.cpp.linker.input">
									<additionalInput kind="additionalinputdependency" paths="$(USER_OBJS)"/>
									<additionalInput kind="additionalinput" paths="$(LIBS)"/>
								</inputType>
							</tool>
							<tool id="cdt.managedbuild.tool.gnu.assembler.exe.release.2016627966" name="GCC Assembler" superClass="cdt.managedbuild.tool.gnu.assembler.exe.release">
								<inputType id="cdt.managedbuild.tool.gnu.assembler.input.4088537" superClass="cdt.managedbuild.tool.gnu.assembler.input"/>
							</tool>
						</toolChain>
					</folderInfo>
					<sourceEntries>
						<entry flags="VALUE_WORKSPACE_PATH|RESOLVED" kind="sourcePath" name="src"/>
					</sourceEntries>
				</configuration>
			</storageModule>
			<storageModule moduleId="org.eclipse.cdt.core.externalSettings"/>
		</cconfiguration>
	</storageModule>
	<storageModule moduleId="cdtBuildSystem" version="4.0.0">
		<project id="prog01_threads.cdt.managedbuild.target.gnu.exe.11646227" name="Executable" projectType="cdt.managedbuild.target.gnu.exe"/>
	</storageModule>
	<storageModule moduleId="scannerConfiguration">
		<autodiscovery enabled="true" problemReportingEnabled="true" selectedProfileId=""/>
		<scannerConfigBuildInfo instanceId="cdt.managedbuild.config.gnu.exe.release.1117323343;cdt.managedbuild.config.gnu.exe.release.1117323343.;cdt.managedbuild.tool.gnu.cpp.compiler.exe.release.819123415;cdt.managedbuild.tool.gnu.cpp.compiler.input.642489554">
			<autodiscovery enabled="true" problemReportingEnabled="true" selectedProfileId=""/>
		</scannerConfigBuildInfo>
		<scannerConfigBuildInfo instanceId="cdt.managedbuild.config.gnu.exe.debug.1337673650;cdt.managedbuild.config.gnu.exe.debug.1337673650.;cdt.managedbuild.tool.gnu.cpp.compiler.exe.debug.1216340012;cdt.managedbuild.tool.gnu.cpp.compiler.input.1739004001">
			<autodiscovery enabled="true" problemReportingEnabled="true" selectedProfileId=""/>
		</scannerConfigBuildInfo>
		<scannerConfigBuildInfo instanceId="cdt.managedbuild.config.gnu.exe.release.1117323343;cdt.managedbuild.config.gnu.exe.release.1117323343.;cdt.managedbuild.tool.gnu.c.compiler.exe.release.1345681226;cdt.managedbuild.tool.gnu.c.compiler.input.406460186">
			<autodiscovery enabled="true" problemReportingEnabled="true" selectedProfileId=""/>
		</scannerConfigBuildInfo>
		<scannerConfigBuildInfo instanceId="cdt.managedbuild.config.gnu.exe.debug.1337673650;cdt.managedbuild.config.gnu.exe.debug.1337673650.;cdt.managedbuild.tool.gnu.c.compiler.exe.debug.402937503;cdt.managedbuild.tool.gnu.c.compiler.input.246281603">
			<autodiscovery enabled="true" problemReportingEnabled="true" selectedProfileId=""/>
		</scannerConfigBuildInfo>
	</storageModule>
	<storageModule moduleId="org.eclipse.cdt.core.LanguageSettingsProviders"/>
	<storageModule moduleId="refreshScope"/>
	<storageModule moduleId="org.eclipse.cdt.make.core.buildtargets"/>
</cproject>
